,Simulation Id,Flow Id,TX bitrate kbit/s,RX bitrate kbit/s,Mean Delay ms,Packet Loss Ratio %
0,1,1,527819.2628494138,528344.4128614049,0.0024974594594594597,0.0
1,1,2,527884.6153846154,528415.2005594559,0.002493299180327869,0.0
2,1,3,527898.4005062517,528913.5329779194,0.0026465509989484757,0.0
3,1,4,527979.714835588,528372.1479208315,0.0025420627261761156,0.0
4,1,5,528144.7923507608,528146.7966273638,0.0024848024316109427,0.0
5,1,6,528246.5150403521,528580.1832628825,0.002541179487179487,0.0
6,1,7,528699.0576428834,528700.7167334027,0.0024848,0.0
7,1,8,528894.7610294117,528898.5588419035,0.0025360733137829916,0.0
8,1,9,531703.0356224085,531738.28125,0.002536,0.0
9,1,10,536132.8125,541817.3456803026,0.0027,0.0
10,2,1,527799.0305637433,528582.2918471274,0.0025532269197584127,0.0
11,2,2,527819.2628494138,527995.3595603033,0.002487522522522523,0.0
12,2,3,527970.9469668929,528664.5150212593,0.00249705112960761,0.0
13,2,4,527979.714835588,528606.1151742816,0.0024948009650180942,0.0
14,2,5,528042.2185430464,528559.244268002,0.0025440079365079368,0.0
15,2,6,528193.1424370434,528193.1424370434,0.0024848070739549844,0.0
16,2,7,528351.5621717758,529096.2254492928,0.0025475000000000003,0.0
17,2,8,528453.947368421,528460.1002322958,0.0024848631578947367,0.0
18,2,9,529156.3717820183,529156.3717820183,0.002536,0.0
19,2,10,529233.407858871,529233.407858871,0.002536,0.0
20,2,11,575296.8593940738,617945.3836150845,0.0029928545454545458,0.0
21,3,1,527799.0305637433,528526.494674865,0.0025517601380500433,0.0
22,3,2,527819.2628494138,528344.4128614049,0.0024940720720720722,0.0
23,3,3,527927.9596275099,527930.103015769,0.0024848283499446294,0.0
24,3,4,527961.6702300301,528950.2661038722,0.002557037470725996,0.0
25,3,5,528116.4141436741,528117.359413203,0.002484802342606149,0.0
26,3,6,528265.003211811,529165.0455550187,0.0025578184991274,0.0
27,3,7,528581.9490571065,528587.5952871972,0.0025360563380281693,0.0
28,3,8,536132.8125,536279.5605486934,0.002536,0.0
29,3,9,550260.057318756,577958.6376052176,0.0029136458333333336,0.0
30,4,1,527813.5236439866,528680.6619546451,0.0025555793226381463,0.0
31,4,2,527840.8966705055,527841.2441037736,0.0026816022620169654,0.0
32,4,3,527846.6946682787,528340.866880645,0.0024927073403241185,0.0
33,4,4,527858.60827956,528175.3141259461,0.0024897073170731705,0.0
34,4,5,527884.6153846154,528084.2866769036,0.0025390983606557375,0.0
35,4,6,527999.4898555654,528000.2915115481,0.002484795031055901,0.0
36,4,7,528077.0112308045,528080.5463605714,0.0024848400556328233,0.0
37,4,8,528699.0576428834,531216.2038598936,0.002654974358974359,0.0
38,4,9,529411.7647058823,529411.7647058823,0.00248480078125,0.0
39,4,10,530061.3496932515,532418.524871355,0.0026688195876288664,0.0
40,4,11,530980.6034482758,530980.6034482758,0.002536,0.0
41,4,12,531703.0356224085,531738.28125,0.002484801652892562,0.0
42,4,13,550260.057318756,550289.2627779841,0.0024848,0.0
43,5,1,527799.0305637433,528079.0371961336,0.002489257981018119,0.0
44,5,2,527808.7797619047,527956.4019541871,0.0025394268077601413,0.0
45,5,3,527819.2628494138,528169.8285408647,0.002490225225225225,0.0
46,5,4,527824.1120420002,527824.6993864211,0.002484808743169399,0.0
47,5,5,527829.7811059908,528246.9908684539,0.0025424677716390427,0.0
48,5,6,527852.8934559221,527852.8934559221,0.002485081967213115,0.0
49,5,7,527858.60827956,528417.98005425,0.002640156097560976,0.0
50,5,8,527920.5715132841,527921.9816573556,0.002536032786885246,0.0
51,5,9,528019.8317307691,528881.6200452662,0.002979256410256411,0.0
52,5,10,528130.8302238806,528130.8302238806,0.0030319970193740686,0.0
53,5,11,528950.7179063484,529350.6396767165,0.0025725562310030398,0.0
54,5,12,530061.3496932515,532770.0373773851,0.0025791025641025644,0.0
55,5,13,530239.1092927328,530257.9666160849,0.0024848021978021977,0.0
56,5,14,530239.1092927328,530225.7829570284,0.0025502747252747256,0.0
57,5,15,531306.7900214769,531335.8302122346,0.002681601503759399,0.0
58,6,1,527804.1352241386,528651.450376353,0.0025551525719267657,0.0
59,6,2,527819.2628494138,528228.9996971759,0.0025423513513513516,0.0
60,6,3,527834.9764846951,527835.9155619222,0.0025360018639328983,0.0
61,6,4,527840.8966705055,528146.5691075647,0.0024895381715362864,0.0
62,6,5,528030.0597953416,528033.3076565594,0.0024848307291666667,0.0
63,6,6,528103.4255309793,528103.4255309793,0.0026495971223021585,0.0
64,6,7,528265.003211811,528832.6781746709,0.002494677137870855,0.0
65,6,8,528327.8409259128,528329.4392523365,0.0025360074626865673,0.0
66,6,9,528484.3488668881,529748.2837528604,0.0025070194384449246,0.0
67,6,10,542410.7142857142,542410.7142857142,0.0024848,0.0
68,7,1,527789.4092520403,528338.4253993972,0.0025466356720202873,0.0
69,7,2,527813.5236439866,528311.4620514839,0.0028756951871657757,0.0
70,7,3,527813.5236439866,528160.6344761936,0.002490169340463458,0.0
71,7,4,527852.8934559221,528291.7406655299,0.0025427965284474446,0.0
72,7,5,528009.0997785166,528009.913595127,0.002484804539722573,0.0
73,7,6,528065.3268429533,528773.4957769889,0.002496133879781421,0.0
74,7,7,528077.0112308045,529162.8334866605,0.0025582058414464533,0.0
75,7,8,528176.4290700678,528383.276968695,0.0024879968454258675,0.0
76,7,9,528515.625,528515.625,0.002484789356984479,0.0
77,7,10,528836.9101383922,528842.6192441339,0.002536,0.0
78,7,11,529078.0084886985,529089.7004612936,0.0025360822368421052,0.0
79,7,12,529761.5714557692,529764.5378951199,0.002484799086757991,0.0
80,7,13,530700.1516152859,530704.2779168675,0.002536,0.0
81,8,1,527846.6946682787,528156.1364025738,0.0024895900857959965,0.0
82,8,2,527905.6753556044,528251.4679511972,0.002541352502662407,0.0
83,8,3,527927.9596275099,528359.1307786909,0.0024914728682170545,0.0
84,8,4,528065.3268429533,528067.090491005,0.0024848360655737706,0.0
85,8,5,528161.3372093022,528163.3363740627,0.0024848452012383904,0.0
86,8,6,529078.0084886985,531666.4777419721,0.0025885328947368425,0.0
87,8,7,529636.5489130435,531586.0966839792,0.0026795194805194805,0.0
88,8,8,530700.1516152859,530704.2779168675,0.002536,0.0
89,9,1,527819.2628494138,527808.2243951041,0.0025243513513513514,0.0
90,9,2,527846.6946682787,528387.0696932527,0.002633326978074357,0.0
91,9,3,527871.4926177416,528712.6459008248,0.00255608,0.0
92,9,4,527905.6753556044,527903.6143323968,0.0026326517571884987,0.0
93,9,5,527913.3748759193,528255.9917265432,0.002582416396979504,0.0
94,9,6,527979.714835588,527982.6624108979,0.002536031363088058,0.0
95,9,7,527999.4898555654,528240.8982647158,0.0025412919254658387,0.0
96,9,8,528042.2185430464,528465.1642958507,0.0025577645502645506,0.0
97,9,9,528788.5273972602,528793.9152480984,0.0024848,0.0
98,9,10,529233.407858871,531327.9685138981,0.002574814285714286,0.0
99,9,11,529636.5489130435,529636.5489130435,0.002484800865800866,0.0
100,9,12,529636.5489130435,530196.5284751111,0.003069112554112554,0.0
101,9,13,530463.360901441,530463.360901441,0.0026816,0.0
102,9,14,536132.8125,536279.5605486934,0.0026176000000000003,0.0
103,10,1,527884.6153846154,528549.6699949229,0.002557069672131148,0.0
104,10,2,527990.1625659905,529168.8781339114,0.002595838433292534,0.0
105,10,3,528019.8317307691,528021.3615479601,0.002484794871794872,0.0
106,10,4,528351.5621717758,528352.7953673902,0.002535992366412214,0.0
107,10,5,528547.1419414175,528548.6150012959,0.0024848063781321185,0.0
108,10,6,529411.7647058823,531189.2102191674,0.0025667421875000002,0.0
109,10,7,530463.360901441,530474.8558963321,0.0024849470588235298,0.0
110,10,8,532224.1562492935,532224.1562492935,0.002649596330275229,0.0
111,10,9,533620.1008530365,533627.8556065802,0.0024848,0.0
112,10,10,550260.057318756,550260.057318756,0.0026304,0.0
113,11,1,527799.0305637433,527800.6997031933,0.0024848231233822265,0.0
114,11,2,527824.1120420002,528583.463714045,0.002697704918032787,0.0
115,11,3,527834.9764846951,528681.7514601774,0.0025546132339235787,0.0
116,11,4,527877.6477921614,528404.3850472611,0.0025441497975708504,0.0
117,11,5,527936.2710674157,527937.5175072913,0.0024847977528089887,0.0
118,11,6,527944.6132517861,528388.0997888097,0.0024916628701594536,0.0
119,11,7,528065.3268429533,528065.3268429533,0.0024847950819672135,0.0
120,11,8,528425.7966517191,528431.7394613303,0.00253605749486653,0.0
121,11,9,528515.625,529667.9516526297,0.0025543902439024396,0.0
122,11,10,529078.0084886985,529477.932371902,0.002497888157894737,0.0
123,11,11,529233.407858871,529235.7234113303,0.0024848,0.0
124,11,12,530239.1092927328,533503.4232864907,0.002592549450549451,0.0
125,11,13,530463.360901441,530467.1925110513,0.0024848,0.0
126,11,14,542410.7142857142,542410.7142857142,0.002968,0.0
127,11,15,542410.7142857142,542410.7142857142,0.0026496000000000002,0.0
128,11,16,575296.8593940738,580078.125,0.0024848,0.0
129,12,1,527780.4410063849,528317.8022070137,0.002545927152317881,0.0
130,12,2,527864.4586269995,528056.121906676,0.00254397233201581,0.0
131,12,3,527871.4926177416,528262.0179609086,0.00254205,0.0
132,12,4,527979.714835588,528603.774476087,0.0025018214716525937,0.0
133,12,5,527999.4898555654,528565.2620635567,0.002544757763975155,0.0
134,12,6,529512.8248922467,529515.911807878,0.0026383456790123458,0.0
135,12,7,529512.8248922467,529523.9248206773,0.002536,0.0
136,12,8,530980.6034482758,534893.7794173768,0.00288827397260274,0.0
137,12,9,530980.6034482758,530980.6034482758,0.002484801369863014,0.0
138,13,1,527799.0305637433,527800.6997031933,0.0024848231233822265,0.0
139,13,2,527840.8966705055,528146.5691075647,0.0024895381715362864,0.0
140,13,3,527871.4926177416,528256.2042590656,0.00257523,0.0
141,13,4,527891.0874773415,528493.3457361822,0.00257304979253112,0.0
142,13,5,527898.4005062517,528649.4624486093,0.00255068349106204,0.0
143,13,6,527913.3748759193,528543.9384220655,0.002546752966558792,0.0
144,13,7,527944.6132517861,527945.348102411,0.0025360022779043283,0.0
145,13,8,528103.4255309793,528104.3544335859,0.0024848057553956836,0.0
146,13,9,528285.435267857,530024.2538496698,0.002575151515151515,0.0
147,13,10,528375.9862975412,528375.9862975412,0.0024848046875000003,0.0
148,13,11,528425.7966517191,529124.1624917004,0.0025467556468172486,0.0
149,13,12,528547.1419414175,528548.6150012959,0.0024848063781321185,0.0
150,13,13,528699.0576428834,528699.0576428834,0.0025664102564102566,0.0
151,13,14,528741.512568037,528741.512568037,0.002681587301587302,0.0
152,13,15,529078.0084886985,529085.4373391025,0.002536,0.0
153,14,1,527819.2628494138,528171.5738129467,0.0027359639639639643,0.0
154,14,2,527824.1120420002,528405.0463697886,0.0026768123861566485,0.0
155,14,3,527840.8966705055,527841.2441037736,0.002484797360980208,0.0
156,14,4,527944.6132517861,528374.8505963607,0.002598041002277904,0.0
157,14,5,527999.4898555654,528723.5740837875,0.0025487826086956523,0.0
158,14,6,528053.1523035622,528837.7212828026,0.0024986290322580647,0.0
159,14,7,528484.3488668881,528467.5929962507,0.0025824190064794817,0.0
160,14,8,528484.3488668881,528394.9964996631,0.002913369330453564,0.0
161,14,9,529156.3717820183,531620.6033327433,0.002583818493150685,0.0
162,14,10,529636.5489130435,529636.5489130435,0.002484800865800866,0.0
163,14,11,530463.360901441,532783.9120152058,0.0025202411764705885,0.0
164,14,12,530463.360901441,530463.360901441,0.0031152000000000003,0.0
165,14,13,531306.7900214769,531340.7438918379,0.002536,0.0
166,14,14,542410.7142857142,542410.7142857142,0.0028543888888888894,0.0
167,15,1,527877.6477921614,528797.1801844774,0.0025562145748987855,0.0
168,15,2,527898.4005062517,528309.5539681212,0.002542397476340694,0.0
169,15,3,528116.4141436741,528117.359413203,0.0025360029282576867,0.0
170,15,4,528130.8302238806,528108.6999692104,0.0026136959761549924,0.0
171,15,5,528400.292577199,529439.0152434317,0.00255258,0.0
172,15,6,528659.1435590367,530119.5992600597,0.0025616666666666665,0.0
173,15,7,528741.512568037,528743.22460319,0.002536,0.0
174,15,8,528788.5273972602,529330.0121522999,0.002493087671232877,0.0
175,15,9,529636.5489130435,529636.5489130435,0.002536,0.0
176,15,10,532838.2691402922,540431.788284454,0.0026799278350515465,0.0
177,16,1,527789.4092520403,528118.5600622016,0.00248989010989011,0.0
178,16,2,527794.581287264,527795.682623971,0.002484824935952178,0.0
179,16,3,527913.3748759193,528529.2894898343,0.002668953613807983,0.0
180,16,4,528042.2185430464,528215.5871083774,0.0026010846560846563,0.0
181,16,5,528065.3268429533,528065.3268429533,0.0024847950819672135,0.0
182,16,6,528130.8302238806,529377.9254197172,0.0026339940387481373,0.0
183,16,7,528176.4290700678,528177.4476283041,0.0024853627760252368,0.0
184,16,8,528246.5150403521,528802.4941934673,0.0024933846153846156,0.0
185,16,9,528265.003211811,528257.1117608143,0.002492565445026178,0.0
186,16,10,528515.625,529495.2141276994,0.0027079600886917962,0.0
187,16,11,528741.512568037,528743.22460319,0.0024847989417989417,0.0
188,16,12,529317.3682261448,529317.3682261448,0.0025397723880597016,0.0
189,16,13,530061.3496932515,530064.6850066698,0.0024848,0.0
190,16,14,530700.1516152859,530704.2779168675,0.0027952025316455697,0.0
191,16,15,536132.8125,536279.5605486934,0.002536,0.0
192,16,16,550260.057318756,550289.2627779841,0.0029056000000000004,0.0
193,17,1,527819.2628494138,528403.6231439287,0.002546783783783784,0.0
194,17,2,527891.0874773415,528900.7650650762,0.002558786307053942,0.0
195,17,3,528077.0112308045,529162.8334866605,0.0025582058414464533,0.0
196,17,4,528193.1424370434,528818.9230517928,0.002494485530546624,0.0
197,17,5,528375.9862975412,528375.9862975412,0.00253599609375,0.0
198,17,6,529012.9680492299,530657.0050181155,0.0025109589905362778,0.0
199,17,7,529317.3682261448,531024.1074377133,0.002562212686567164,0.0
200,17,8,529761.5714557692,529770.4708734874,0.0024849178082191783,0.0
201,17,9,530239.1092927328,530992.09833187,0.002547269230769231,0.0
202,17,10,533620.1008530365,533627.8556065802,0.0024848,0.0
203,17,11,538555.4372386567,538569.4249649368,0.002536,0.0
204,18,1,527846.6946682787,527844.23535222,0.002492135367016206,0.0
205,18,2,527852.8934559221,528728.1980346659,0.0025552555448408875,0.0
206,18,3,527871.4926177416,528245.8691050756,0.0026523600000000003,0.0
207,18,4,528019.8317307691,528023.0163878938,0.0024848333333333337,0.0
208,18,5,528089.092243277,528549.6484400012,0.002543111739745403,0.0
209,18,6,528089.092243277,528732.6474544406,0.0024947383309759552,0.0
210,18,7,528285.435267857,528285.435267857,0.002536007130124777,0.0
211,18,8,528351.5621717758,529515.7894736842,0.0025091603053435116,0.0
212,18,9,528425.7966517191,529495.7075874149,0.0025018275154004106,0.0
213,18,10,528547.1419414175,528993.8550711701,0.0024916856492027337,0.0
214,18,11,528659.1435590367,529629.7312875689,0.002550995024875622,0.0
215,18,12,528788.5273972602,528793.9152480984,0.0024848,0.0
216,18,13,529233.407858871,529217.1995589855,0.0026450071428571428,0.0
217,18,14,532224.1562492935,532224.1562492935,0.0026527981651376146,0.0
218,19,1,527785.1496684487,528477.3691114067,0.002590259414225942,0.0
219,19,2,527970.9469668929,528617.5935235207,0.003005160523186683,0.0
220,19,3,527970.9469668929,528142.7242838243,0.0034396785714285714,0.0
221,19,4,527979.714835588,529077.0167175856,0.002560096501809409,0.0
222,19,5,528065.3268429533,528065.3268429533,0.0024849043715846997,0.0
223,19,6,528077.0112308045,528078.7507331877,0.0024847983310152992,0.0
224,19,7,528089.092243277,528818.7007734275,0.0025162659123055165,0.0
225,19,8,528193.1424370434,528505.847504632,0.002550852090032154,0.0
226,19,9,528375.9862975412,528375.9862975412,0.00253599609375,0.0
227,19,10,528484.3488668881,528485.7452374032,0.0025360043196544276,0.0
228,19,11,528547.1419414175,529436.8898430237,0.002498519362186788,0.0
229,19,12,528659.1435590367,528659.1435590367,0.002630398009950249,0.0
230,19,13,528788.5273972602,528792.1418965823,0.0029375890410958906,0.0
231,19,14,529233.407858871,529233.407858871,0.0025392,0.0
232,19,15,530061.3496932515,530064.6850066698,0.0024848,0.0
233,19,16,530061.3496932515,530061.3496932515,0.002536,0.0
234,20,1,527780.4410063849,528102.5020143258,0.002489784768211921,0.0
235,20,2,527891.0874773415,527893.0949552978,0.0025360269709543567,0.0
236,20,3,528019.8317307691,528437.0520689904,0.0024912435897435897,0.0
237,20,4,528209.4557349972,528955.1302543563,0.002949113300492611,0.0
238,20,5,528515.625,528515.625,0.002484789356984479,0.0
239,20,6,528515.625,528515.625,0.002484789356984479,0.0
240,20,7,528515.625,528515.625,0.0029184035476718406,0.0
241,20,8,528581.9490571065,529043.4602625209,0.00289349765258216,0.0
242,20,9,532224.1562492935,532230.171916856,0.002484798165137615,0.0
243,21,1,527824.1120420002,528178.5181390998,0.002490291438979964,0.0
244,21,2,527858.60827956,528302.6071518905,0.002542878048780488,0.0
245,21,3,527905.6753556044,528045.1753238385,0.0025381576144834933,0.0
246,21,4,528144.7923507608,529482.7663284008,0.0026182522796352587,0.0
247,21,5,528176.4290700678,528179.4847565619,0.00253615141955836,0.0
248,21,6,528193.1424370434,528506.8870089945,0.002489662379421222,0.0
249,21,7,528305.5853800883,528306.7622142872,0.002535992714025501,0.0
250,21,8,528425.7966517191,529096.2178311944,0.0025463244353182753,0.0
251,21,9,528836.9101383922,528842.6192441339,0.0024847988668555243,0.0
252,21,10,529411.7647058823,529411.7647058823,0.00248480078125,0.0
253,21,11,534662.5298814912,542410.7142857142,0.0027754166666666665,0.0
254,21,12,534662.5298814912,542410.7142857142,0.003209027777777778,0.0
255,22,1,527804.1352241386,528086.5155395797,0.002489180470793374,0.0
256,22,2,527824.1120420002,528710.1365758724,0.002556001821493625,0.0
257,22,3,527829.7811059908,527830.968801683,0.002484825046040516,0.0
258,22,4,527840.8966705055,528696.6792664373,0.0025548162111215834,0.0
259,22,5,527840.8966705055,527841.2441037736,0.002484797360980208,0.0
260,22,6,527864.4586269995,527862.9341414971,0.0025508201581027666,0.0
261,22,7,527864.4586269995,527865.4835543116,0.002484802371541502,0.0
262,22,8,527936.2710674157,527938.2424303174,0.0025360337078651684,0.0
263,22,9,527970.9469668929,528587.5988977574,0.0024946611177170037,0.0
264,22,10,527970.9469668929,528541.4599657252,0.002544887039239001,0.0
265,22,11,528065.3268429533,528065.3268429533,0.002886393442622951,0.0
266,22,12,528089.092243277,528366.7760568667,0.0029418811881188117,0.0
267,22,13,528581.9490571065,528584.5588235294,0.002598403755868545,0.0
268,22,14,528836.9101383922,529213.3427726647,0.0028601416430594903,0.0
269,22,15,528836.9101383922,528842.6192441339,0.0032879886685552406,0.0
270,22,16,529012.9680492299,530246.0650881846,0.002555006309148265,0.0
271,23,1,528030.0597953416,529102.7567003799,0.0026103255208333336,0.0
272,23,2,528053.1523035622,528055.754990857,0.0024848387096774193,0.0
273,23,3,528077.0112308045,528062.5906362259,0.002590027816411683,0.0
274,23,4,528265.003211811,528832.6781746709,0.0024935776614310647,0.0
275,23,5,528327.8409259128,529439.6059933279,0.002555783582089552,0.0
276,23,6,528351.5621717758,528352.7953673902,0.002535992366412214,0.0
277,23,7,528375.9862975412,528998.9907155395,0.0026364062500000003,0.0
278,23,8,528375.9862975412,529458.653995763,0.0029845507812500003,0.0
279,23,9,528400.292577199,528400.292577199,0.002536,0.0
280,23,10,528400.292577199,528400.292577199,0.0029184000000000002,0.0
281,23,11,528581.9490571065,528584.5588235294,0.0025360093896713617,0.0
282,23,12,530980.6034482758,530980.6034482758,0.002484801369863014,0.0
283,23,13,531703.0356224085,531738.28125,0.002649603305785124,0.0
284,23,14,532838.2691402922,532838.2691402922,0.0031219278350515466,0.0
285,24,1,527884.6153846154,528481.4331088042,0.0024953483606557376,0.0
286,24,2,527891.0874773415,528296.908220895,0.0025422717842323653,0.0
287,24,3,527961.6702300301,528341.9856073896,0.0024906791569086653,0.0
288,24,4,528042.2185430464,529158.720720166,0.0025597751322751325,0.0
289,24,5,528161.3372093022,528161.3372093022,0.002485077399380805,0.0
290,24,6,528265.003211811,528190.6074695562,0.002880907504363002,0.0
291,24,7,528484.3488668881,529472.0262597117,0.002551231101511879,0.0
292,24,8,528659.1435590367,528659.1435590367,0.002630398009950249,0.0
293,24,9,528788.5273972602,528792.1418965823,0.0025360027397260277,0.0
294,24,10,528894.7610294117,529297.6329064803,0.002833425219941349,0.0
295,24,11,528894.7610294117,528894.7610294117,0.0032095894428152494,0.0
296,24,12,529156.3717820183,529156.3717820183,0.0028864006849315072,0.0
297,24,13,529761.5714557692,530661.9251414884,0.002549812785388128,0.0
298,24,14,530239.1092927328,530257.9666160849,0.002536,0.0
299,24,15,533620.1008530365,533620.1008530365,0.002536,0.0
300,25,1,527813.5236439866,528162.1883669941,0.0025413903743315507,0.0
301,25,2,527834.9764846951,528681.7514601774,0.002554603914259087,0.0
302,25,3,527877.6477921614,528075.5411705318,0.0024878643724696357,0.0
303,25,4,527927.9596275099,527930.103015769,0.0024848283499446294,0.0
304,25,5,528019.8317307691,528021.3615479601,0.002484794871794872,0.0
305,25,6,528116.4141436741,528117.359413203,0.0025360029282576867,0.0
306,25,7,528130.8302238806,528130.8302238806,0.002536005961251863,0.0
307,25,8,528285.435267857,528979.5918367347,0.0024955436720142605,0.0
308,25,9,529156.3717820183,530273.0310864493,0.0025020102739726027,0.0
309,25,10,529156.3717820183,531166.178916563,0.0025712465753424656,0.0
310,25,11,530463.360901441,530467.1925110513,0.0024848,0.0
311,26,1,528009.0997785166,528829.0694210104,0.0025510970996216902,0.0
312,26,2,528103.4255309793,528639.0151228367,0.0025115251798561154,0.0
313,26,3,528305.5853800883,529728.6672801508,0.002565081967213115,0.0
314,26,4,528375.9862975412,528378.5107343607,0.00248537109375,0.0
315,26,5,529512.8248922467,529523.9248206773,0.002536,0.0
316,26,6,536132.8125,536290.6562939667,0.0024848,0.0
317,26,7,538555.4372386567,538597.4025974026,0.0024853333333333338,0.0
318,26,8,542410.7142857142,556701.030927835,0.0026904000000000003,0.0
319,27,1,527858.60827956,528427.4390840591,0.0024950439024390243,0.0
320,27,2,527905.6753556044,528205.3819530348,0.002597124600638978,0.0
321,27,3,527913.3748759193,528474.1888742554,0.0025453505933117583,0.0
322,27,4,527961.6702300301,528417.6603287141,0.0024918501170960185,0.0
323,27,5,527970.9469668929,528516.8558286224,0.0024932461355529137,0.0
324,27,6,527979.714835588,527981.1056218735,0.00253599517490953,0.0
325,27,7,528077.0112308045,528078.7507331877,0.0025359944367176635,0.0
326,27,8,528484.3488668881,529686.5565712954,0.002633390928725702,0.0
327,27,9,528950.7179063484,528956.6236811255,0.0024848784194528876,0.0
328,27,10,529156.3717820183,530853.2351394002,0.0026475753424657533,0.0
329,27,11,531703.0356224085,531738.28125,0.0029056033057851243,0.0
330,27,12,533620.1008530365,533627.8556065802,0.0024848,0.0
331,27,13,534662.5298814912,534772.9656310712,0.002536,0.0
332,27,14,536132.8125,536279.5605486934,0.0030512,0.0
333,28,1,527785.1496684487,528056.9643598374,0.0024890041841004185,0.0
334,28,2,527813.5236439866,528160.6344761936,0.002490169340463458,0.0
335,28,3,527834.9764846951,527835.9155619222,0.0024848182665424047,0.0
336,28,4,528130.8302238806,528903.6641839792,0.0024971535022354696,0.0
337,28,5,528130.8302238806,528810.0715303406,0.0025465126676602087,0.0
338,28,6,528351.5621717758,528352.7953673902,0.002535992366412214,0.0
339,28,7,528515.625,528492.6869493511,0.002598270509977827,0.0
340,28,8,530700.1516152859,530704.2779168675,0.0024847974683544307,0.0
341,28,9,532224.1562492935,533448.1313228579,0.0026681834862385323,0.0
342,29,1,527819.2628494138,528674.5177713776,0.0025906756756756757,0.0
343,29,2,527840.8966705055,528146.5691075647,0.0024895381715362864,0.0
344,29,3,527864.4586269995,528698.5461467204,0.0025537549407114624,0.0
345,29,4,528053.1523035622,528666.3596289229,0.002545470430107527,0.0
346,29,5,528130.8302238806,528325.2712963537,0.002487824143070045,0.0
347,29,6,528351.5621717758,528352.7953673902,0.002535992366412214,0.0
348,29,7,531306.7900214769,531340.7438918379,0.002484796992481203,0.0
349,29,8,532224.1562492935,532224.1562492935,0.002598403669724771,0.0
350,29,9,534662.5298814912,534772.9656310712,0.0024848055555555556,0.0
351,30,1,527824.1120420002,528178.5181390998,0.002490291438979964,0.0
352,30,2,527829.7811059908,528248.7752314702,0.0025424953959484347,0.0
353,30,3,527884.6153846154,528539.0689342648,0.002601649590163935,0.0
354,30,4,527891.0874773415,528637.5822568851,0.002550663900414938,0.0
355,30,5,527898.4005062517,527898.8486842104,0.0024847949526813884,0.0
356,30,6,528161.3372093022,529064.4988833743,0.0025007275541795667,0.0
357,30,7,528209.4557349972,528529.39583747,0.0025409672131147545,0.0
358,30,8,528351.5621717758,528352.7953673902,0.002484809160305344,0.0
359,30,9,528950.7179063484,528952.6864832878,0.0024847993920972646,0.0
360,30,10,529904.2991318775,529904.2991318775,0.002536,0.0
361,30,11,532224.1562492935,532482.952810666,0.002602376146788991,0.0
362,30,12,532224.1562492935,531965.6111255465,0.0030280183486238533,0.0
363,31,1,527808.7797619047,528323.0815222807,0.0024938800705467377,0.0
364,31,2,527864.4586269995,527865.4835543116,0.002484812252964427,0.0
365,31,3,527920.5715132841,528274.7541921317,0.002541497267759563,0.0
366,31,4,528077.0112308045,528833.9902442347,0.003067218358831711,0.0
367,31,5,528077.0112308045,528608.0912735962,0.002628873435326843,0.0
368,31,6,528089.092243277,529101.7756604591,0.002555756718528996,0.0
369,31,7,528144.7923507608,528124.2278029937,0.0032121276595744683,0.0
370,31,8,528265.003211811,528271.7675003253,0.0025360907504363003,0.0
371,31,9,528581.9490571065,528584.5588235294,0.0025360093896713617,0.0
372,31,10,528894.7610294117,528894.7610294117,0.002484800586510264,0.0
373,32,1,527789.4092520403,528063.9906227766,0.0024890448013524936,0.0
374,32,2,527794.581287264,528126.2912875323,0.002489948761742101,0.0
375,32,3,527824.1120420002,528115.5954293577,0.002576548269581057,0.0
376,32,4,528065.3268429533,528825.6680056324,0.0027640573770491804,0.0
377,32,5,528246.5150403521,528257.5569133136,0.00253617094017094,0.0
378,32,6,528741.512568037,528741.512568037,0.0033520105820105824,0.0
379,32,7,528741.512568037,528743.22460319,0.0024847989417989417,0.0
380,32,8,528950.7179063484,530302.6345736961,0.0025255866261398177,0.0
381,32,9,529904.2991318775,530851.1522433424,0.002553613526570048,0.0
382,32,10,538555.4372386567,538597.4025974026,0.0025365208333333338,0.0
383,32,11,542410.7142857142,542410.7142857142,0.0024848,0.0
384,33,1,527780.4410063849,528585.3674545267,0.0025541887417218543,0.0
385,33,2,527780.4410063849,528049.0650446567,0.0024889569536423843,0.0
386,33,3,527927.9596275099,528144.5297691899,0.002488150609080842,0.0
387,33,4,527970.9469668929,529064.8399751858,0.002656123662306778,0.0
388,33,5,527970.9469668929,527973.0746985291,0.0025371343638525565,0.0
389,33,6,528009.0997785166,528539.4256938144,0.0027381841109709966,0.0
390,33,7,528581.9490571065,528583.0406047776,0.0026517840375586857,0.0
391,33,8,528950.7179063484,529350.6396767165,0.002542155015197569,0.0
392,33,9,529012.9680492299,528937.3667459753,0.0027077003154574136,0.0
393,33,10,529761.5714557692,529764.5378951199,0.002536,0.0
394,33,11,530700.1516152859,530700.1516152859,0.0026816012658227853,0.0
395,33,12,530980.6034482758,530980.6034482758,0.0028736027397260277,0.0
396,33,13,533620.1008530365,533620.1008530365,0.002536,0.0
397,34,1,527785.1496684487,528110.9843279198,0.0024898410041841006,0.0
398,34,2,527834.9764846951,528130.5970659411,0.0025431127679403543,0.0
399,34,3,527877.6477921614,527881.5650334861,0.0025360526315789476,0.0
400,34,4,527884.6153846154,528067.090491005,0.0026108401639344265,0.0
401,34,5,527999.4898555654,528464.8594270708,0.002637242236024845,0.0
402,34,6,528305.5853800883,529252.274507441,0.002551111111111111,0.0
403,34,7,528375.9862975412,529516.9603719335,0.00255609375,0.0
404,34,8,528425.7966517191,529162.7575903153,0.0026417453798767967,0.0
405,34,9,528515.625,528515.625,0.0031152106430155212,0.0
406,34,10,528659.1435590367,528659.1435590367,0.002535995024875622,0.0
407,34,11,528741.512568037,528712.4096666407,0.002575936507936508,0.0
408,34,12,528741.512568037,528743.22460319,0.0024847989417989417,0.0
409,34,13,528950.7179063484,528952.6864832878,0.002536,0.0
410,34,14,531306.7900214769,531335.8302122346,0.0027712030075187975,0.0
411,34,15,533620.1008530365,533627.8556065802,0.0024848,0.0
412,35,1,527808.7797619047,528609.6621077508,0.002553615520282187,0.0
413,35,2,527834.9764846951,528178.7395796776,0.0027437371854613234,0.0
414,35,3,527840.8966705055,527842.459837623,0.0025360226201696515,0.0
415,35,4,527970.9469668929,527971.5401785714,0.0028672057074910825,0.0
416,35,5,527970.9469668929,527973.0746985291,0.002484827586206897,0.0
417,35,6,527990.1625659905,527990.1625659905,0.0024847980416156674,0.0
418,35,7,528077.0112308045,528077.852924075,0.003158400556328234,0.0
419,35,8,528305.5853800883,528306.7622142872,0.002484808743169399,0.0
420,35,9,528484.3488668881,529200.2571707513,0.0028462419006479484,0.0
421,35,10,528950.7179063484,530536.2175479198,0.0025612036474164136,0.0
422,35,11,528950.7179063484,528952.6864832878,0.0024847993920972646,0.0
423,35,12,575296.8593940738,580078.125,0.0035280000000000003,0.0
424,36,1,527813.5236439866,528162.1883669941,0.0025413903743315507,0.0
425,36,2,527819.2628494138,527819.5533412887,0.0024848018018018016,0.0
426,36,3,527970.9469668929,528664.5150212593,0.002497039239001189,0.0
427,36,4,527990.1625659905,528386.9663829692,0.002490954712362301,0.0
428,36,5,528065.3268429533,528687.7434671392,0.0025464207650273225,0.0
429,36,6,528103.4255309793,528571.0764723901,0.0024920287769784177,0.0
430,36,7,528144.7923507608,528146.7966273638,0.002536003039513678,0.0
431,36,8,528161.3372093022,528161.3372093022,0.0024847987616099074,0.0
432,36,9,528193.1424370434,529131.3277710059,0.00255540192926045,0.0
433,36,10,528327.8409259128,528329.4392523365,0.0024847947761194034,0.0
434,36,11,528425.7966517191,528427.7576281233,0.003307987679671458,0.0
435,36,12,528425.7966517191,528429.0848991915,0.002949609856262834,0.0
436,36,13,528425.7966517191,528697.3304282925,0.002540164271047228,0.0
437,36,14,528894.7610294117,529468.8490651485,0.0029464809384164227,0.0
438,36,15,536132.8125,552335.4926696215,0.0028686833333333335,0.0
439,37,1,527898.4005062517,528239.5871103122,0.0024900841219768666,0.0
440,37,2,528042.2185430464,529158.720720166,0.0025601587301587302,0.0
441,37,3,528089.092243277,528915.7732317608,0.00249936350777935,0.0
442,37,4,528161.3372093022,528464.3833048339,0.0026862848297213625,0.0
443,37,5,528209.4557349972,528209.4557349972,0.002536,0.0
444,37,6,528351.5621717758,529096.2254492928,0.0024962977099236643,0.0
445,37,7,528741.512568037,529952.9748517685,0.0025546534391534394,0.0
446,37,8,530463.360901441,530463.360901441,0.0025072000000000002,0.0
447,37,9,534662.5298814912,534772.9656310712,0.0024848055555555556,0.0
448,37,10,550260.057318756,550289.2627779841,0.002536,0.0
449,38,1,527834.9764846951,528681.7514601774,0.0025546132339235787,0.0
450,38,2,527871.4926177416,528585.202550913,0.00254996,0.0
451,38,3,527877.6477921614,527878.3006616783,0.0025360020242914984,0.0
452,38,4,528209.4557349972,529594.7651470695,0.002565459016393443,0.0
453,38,5,528209.4557349972,528210.5145001323,0.0024848032786885244,0.0
454,38,6,528327.8409259128,528329.4392523365,0.0024847947761194034,0.0
455,38,7,528425.7966517191,528429.0848991915,0.002484804928131417,0.0
456,38,8,528453.947368421,528460.1002322958,0.0024848631578947367,0.0
457,39,1,527794.581287264,528050.214624262,0.002630734415029889,0.0
458,39,2,527819.2628494138,527972.4545302,0.0027829459459459463,0.0
459,39,3,527913.3748759193,528538.3577807047,0.002560453074433657,0.0
460,39,4,527920.5715132841,527921.2765843781,0.0024847978142076505,0.0
461,39,5,527999.4898555654,529038.0683477753,0.0026393416149068324,0.0
462,39,6,528116.4141436741,528119.2499624122,0.0025418301610541727,0.0
463,39,7,528144.7923507608,528148.7592249893,0.002536155015197569,0.0
464,39,8,528209.4557349972,528209.4557349972,0.002536,0.0
465,39,9,528351.5621717758,529327.5841104449,0.0026075381679389314,0.0
466,39,10,528375.9862975412,528375.9862975412,0.0024848046875000003,0.0
467,39,11,528400.292577199,529902.7039757422,0.0026826600000000003,0.0
468,39,12,528659.1435590367,528659.1435590367,0.002484800995024876,0.0
469,39,13,529636.5489130435,529636.5489130435,0.002484800865800866,0.0
470,39,14,529761.5714557692,529764.5378951199,0.0029567990867579914,0.0
471,39,15,530061.3496932515,530064.6850066698,0.0024848,0.0
472,40,1,527780.4410063849,528049.0650446567,0.0024889569536423843,0.0
473,40,2,527891.0874773415,528430.9794387401,0.002544346473029046,0.0
474,40,3,527891.0874773415,528228.6735875505,0.0029748182762201454,0.0
475,40,4,528009.0997785166,529074.0863720673,0.0025586506935687267,0.0
476,40,5,528019.8317307691,528020.534131883,0.002536,0.0
477,40,6,528077.0112308045,528041.9430627003,0.0029385396383866482,0.0
478,40,7,528116.4141436741,528117.359413203,0.0025360029282576867,0.0
479,40,8,528581.9490571065,528584.5588235294,0.002937605633802817,0.0
480,41,1,527834.9764846951,528742.0566525641,0.0025564771668219947,0.0
481,41,2,527864.4586269995,527866.7582699535,0.0026816205533596836,0.0
482,41,3,527920.5715132841,528415.9952516352,0.00254368306010929,0.0
483,41,4,528327.8409259128,530028.5899369831,0.0025732649253731345,0.0
484,41,5,528453.947368421,528457.3783157351,0.0024848,0.0
485,41,6,528515.625,528515.625,0.002536008869179601,0.0
486,41,7,529233.407858871,529233.407858871,0.002536,0.0
487,41,8,532224.1562492935,532230.171916856,0.002484798165137615,0.0
488,42,1,527789.4092520403,528063.9906227766,0.0024890448013524936,0.0
489,42,2,527794.581287264,528278.510395622,0.00252868488471392,0.0
490,42,3,527813.5236439866,528637.9934999985,0.0029543404634581106,0.0
491,42,4,527884.6153846154,528216.6024820287,0.0025411475409836065,0.0
492,42,5,527961.6702300301,527963.9368895567,0.0025360304449648713,0.0
493,42,6,527979.714835588,527939.0757881982,0.0028468998793727386,0.0
494,42,7,528327.8409259128,528574.2656978695,0.0029221828358208957,0.0
495,42,8,528327.8409259128,528329.4392523365,0.0024847947761194034,0.0
496,42,9,530463.360901441,533554.1945467623,0.0025847764705882355,0.0
497,42,10,550260.057318756,559253.4656669723,0.0026620583333333337,0.0
498,43,1,527789.4092520403,528328.5938870913,0.0026800422654268807,0.0
499,43,2,527789.4092520403,528359.728264696,0.0031145900253592563,0.0
500,43,3,527936.2710674157,527936.7925862558,0.0025364044943820226,0.0
501,43,4,528042.2185430464,528559.244268002,0.0025440079365079368,0.0
502,43,5,528130.8302238806,528130.8302238806,0.002484798807749628,0.0
503,43,6,528161.3372093022,528863.9748939702,0.002505913312693499,0.0
504,43,7,528265.003211811,528266.1305812002,0.0025360034904013964,0.0
505,43,8,528285.435267857,528285.435267857,0.0024847950089126563,0.0
506,43,9,528400.292577199,528402.8778386365,0.00253606,0.0
507,43,10,528425.7966517191,530439.562101951,0.0025812731006160166,0.0
508,44,1,527780.4410063849,528478.3088402462,0.0025508774834437087,0.0
509,44,2,527846.6946682787,527831.9391156676,0.002546596758817922,0.0
510,44,3,528089.092243277,528090.8784397127,0.002484794908062235,0.0
511,44,4,528209.4557349972,528742.5510142659,0.002493032786885246,0.0
512,44,5,528226.4248164346,528555.7065300927,0.0025410720268006703,0.0
513,44,6,528226.4248164346,528880.8775308065,0.002494891122278057,0.0
514,44,7,528581.9490571065,529652.5047631656,0.002501291079812207,0.0
515,44,8,530700.1516152859,530704.2779168675,0.002488474683544304,0.0
516,44,9,538555.4372386567,551489.3617021276,0.0027504166666666666,0.0
517,44,10,550260.057318756,550289.2627779841,0.002536,0.0
518,45,1,527789.4092520403,528611.6692875415,0.0025545731191885038,0.0
519,45,2,527789.4092520403,528063.9906227766,0.0024890448013524936,0.0
520,45,3,527824.1120420002,528296.1708952398,0.0025435519125683063,0.0
521,45,4,527990.1625659905,527994.1118567697,0.002536058751529988,0.0
522,45,5,528019.8317307691,528188.5527796674,0.0024873974358974363,0.0
523,45,6,529078.0084886985,530586.0250893885,0.002559108552631579,0.0
524,45,7,530700.1516152859,530704.2779168675,0.002536,0.0
525,45,8,533620.1008530365,533627.8556065802,0.0024848,0.0
526,45,9,538555.4372386567,538569.4249649368,0.0025663958333333337,0.0
527,46,1,527840.8966705055,528209.2591504204,0.002541705937794534,0.0
528,46,2,527871.4926177416,528315.6392435791,0.00263728,0.0
529,46,3,527961.6702300301,529026.1151867296,0.002559379391100703,0.0
530,46,4,528077.0112308045,528350.0288322676,0.002540208623087622,0.0
531,46,5,528265.003211811,529284.9811837154,0.002502757417102967,0.0
532,46,6,528659.1435590367,528659.1435590367,0.002535995024875622,0.0
533,46,7,529512.8248922467,529523.9248206773,0.002484798353909465,0.0
534,46,8,529636.5489130435,529636.5489130435,0.002763199134199134,0.0
535,47,1,527794.581287264,528514.0161128908,0.0025513492741246796,0.0
536,47,2,527824.1120420002,528002.1372278373,0.002487559198542805,0.0
537,47,3,527961.6702300301,528419.9309052783,0.00254307962529274,0.0
538,47,4,528042.2185430464,528461.743837024,0.0026048941798941802,0.0
539,47,5,528077.0112308045,528078.7507331877,0.0025359944367176635,0.0
540,47,6,528077.0112308045,528677.3704339773,0.0029276773296244784,0.0
541,47,7,528077.0112308045,528078.7507331877,0.0024847983310152992,0.0
542,47,8,528089.092243277,528919.4370411932,0.0025506647807637907,0.0
543,47,9,528265.003211811,528266.1305812002,0.0025360034904013964,0.0
544,47,10,528285.435267857,528285.435267857,0.0024847950089126563,0.0
545,47,11,528425.7966517191,530452.9363710629,0.0025816837782340865,0.0
546,47,12,528453.947368421,528457.3783157351,0.0024848,0.0
547,47,13,528659.1435590367,528948.9794985973,0.002922885572139304,0.0
548,47,14,528659.1435590367,528984.4256877156,0.0024898258706467667,0.0
549,47,15,528950.7179063484,528952.6864832878,0.0024847993920972646,0.0
550,47,16,530980.6034482758,530980.6034482758,0.0026496027397260274,0.0
551,48,1,527927.9596275099,529006.1336049134,0.002560797342192691,0.0
552,48,2,528144.7923507608,528802.1326507264,0.0029285410334346507,0.0
553,48,3,528144.7923507608,528146.7966273638,0.0024848176291793317,0.0
554,48,4,528161.3372093022,529167.8280705147,0.0025545356037151704,0.0
555,48,5,528226.4248164346,528228.7713290307,0.0030640033500837524,0.0
556,48,6,528484.3488668881,530033.2569263179,0.0025661555075593956,0.0
557,48,7,529012.9680492299,529012.9680492299,0.002484801261829653,0.0
558,48,8,529636.5489130435,529636.5489130435,0.002484800865800866,0.0
559,48,9,575296.8593940738,626086.956521739,0.0030837636363636365,0.0
560,49,1,527789.4092520403,528063.9906227766,0.0024890448013524936,0.0
561,49,2,527824.1120420002,528296.1708952398,0.0024923497267759563,0.0
562,49,3,527858.60827956,527858.60827956,0.002536,0.0
563,49,4,527927.9596275099,528430.7032088169,0.0024925802879291253,0.0
564,49,5,527961.6702300301,528190.701170407,0.002488337236533958,0.0
565,49,6,528226.4248164346,528880.8775308065,0.002494891122278057,0.0
566,49,7,528425.7966517191,529614.3389386769,0.002619075975359343,0.0
567,49,8,528659.1435590367,529629.7312875689,0.002550995024875622,0.0
568,49,9,528788.5273972602,528644.9951721918,0.0027690410958904114,0.0
569,49,10,529233.407858871,529235.7234113303,0.0024848,0.0
570,49,11,531306.7900214769,531335.8302122346,0.0030512030075187974,0.0
571,49,12,531703.0356224085,534369.2496422,0.002862330578512397,0.0
572,49,13,534662.5298814912,534772.9656310712,0.0031968055555555556,0.0
573,49,14,538555.4372386567,538569.4249649368,0.0029376041666666665,0.0
574,50,1,527808.7797619047,528552.6290661867,0.002552354497354497,0.0
575,50,2,527858.60827956,528428.7003136203,0.002546068292682927,0.0
576,50,3,527905.6753556044,528045.1753238385,0.002486954206602769,0.0
577,50,4,527936.2710674157,528884.5114751211,0.0025561910112359555,0.0
578,50,5,527979.714835588,527964.7598913783,0.0025308202653799763,0.0
579,50,6,528030.0597953416,528285.5432276473,0.0024887369791666667,0.0
580,50,7,528176.4290700678,528177.4476283041,0.002535993690851735,0.0
581,50,8,528699.0576428834,528700.7167334027,0.0024848,0.0
582,50,9,530239.1092927328,530257.9666160849,0.0024848021978021977,0.0
583,50,10,533620.1008530365,533635.6105855169,0.002536294117647059,0.0
584,50,11,538555.4372386567,538569.4249649368,0.002484791666666667,0.0
585,51,1,527785.1496684487,528096.3978473503,0.0026094393305439332,0.0
586,51,2,527789.4092520403,528063.9906227766,0.0024890448013524936,0.0
587,51,3,527858.60827956,528450.7728055508,0.0025467804878048783,0.0
588,51,4,527877.6477921614,527879.6064055566,0.002484827935222672,0.0
589,51,5,527884.6153846154,528348.9846093697,0.0024919979508196723,0.0
590,51,6,528019.8317307691,527999.0222240329,0.002781628205128205,0.0
591,51,7,528246.5150403521,529133.5417316603,0.0025543931623931626,0.0
592,51,8,528305.5853800883,528306.7622142872,0.002535992714025501,0.0
593,51,9,528547.1419414175,528548.6150012959,0.002535990888382688,0.0
594,51,10,532838.2691402922,532838.2691402922,0.0024848041237113404,0.0
595,52,1,527799.0305637433,528526.494674865,0.0025515012942191545,0.0
596,52,2,527808.7797619047,528323.0815222807,0.0024938800705467377,0.0
597,52,3,527852.8934559221,528354.670739546,0.002543780135004822,0.0
598,52,4,528176.4290700678,528177.4476283041,0.002535993690851735,0.0
599,52,5,528305.5853800883,528306.7622142872,0.002484808743169399,0.0
600,52,6,528617.2154421803,529720.668074532,0.0025017632850241546,0.0
601,52,7,550260.057318756,550289.2627779841,0.002536,0.0
602,52,8,575296.8593940738,626086.956521739,0.0030837636363636365,0.0
603,53,1,527789.4092520403,528063.9906227766,0.0024890448013524936,0.0
604,53,2,527794.581287264,528502.4208087903,0.0026447907771135785,0.0
605,53,3,527871.4926177416,528067.0058356293,0.0024878300000000003,0.0
606,53,4,527913.3748759193,527913.3748759193,0.002536353829557713,0.0
607,53,5,527944.6132517861,528395.4607383962,0.0024917653758542145,0.0
608,53,6,528351.5621717758,529467.4871766084,0.0025044465648854965,0.0
609,53,7,528425.7966517191,529229.3140877772,0.0025483778234086244,0.0
610,53,8,528581.9490571065,529962.1315747793,0.002560211267605634,0.0
611,53,9,528659.1435590367,528659.1435590367,0.0028271890547263683,0.0
612,53,10,529904.2991318775,529904.2991318775,0.002536,0.0
613,53,11,530700.1516152859,533616.8615923447,0.0025292658227848105,0.0
614,54,1,527953.3959537571,529077.0934361755,0.002561374133949192,0.0
615,54,2,528009.0997785166,528011.5412358739,0.002484829760403531,0.0
616,54,3,528042.2185430464,529158.720720166,0.002559761904761905,0.0
617,54,4,528226.4248164346,528228.7713290307,0.002484807370184255,0.0
618,54,5,528894.7610294117,530509.9394987035,0.002688950146627566,0.0
619,54,6,529156.3717820183,529156.3717820183,0.002484801369863014,0.0
620,54,7,529233.407858871,529235.7234113303,0.0024848,0.0
621,54,8,530061.3496932515,532759.9291677207,0.0025772871794871796,0.0
622,54,9,532838.2691402922,534210.4256702489,0.0026384845360824744,0.0
623,54,10,538555.4372386567,538569.4249649368,0.002854395833333334,0.0
624,55,1,527785.1496684487,528056.9643598374,0.0024890041841004185,0.0
625,55,2,527864.4586269995,528313.2872270875,0.002491739130434783,0.0
626,55,3,527961.6702300301,528644.814615798,0.0024968501170960188,0.0
627,55,4,528042.2185430464,528471.1502053417,0.002542645502645503,0.0
628,55,5,528103.4255309793,528663.2166684568,0.0025446762589928056,0.0
629,55,6,528193.1424370434,528195.2189903699,0.0025360450160771706,0.0
630,55,7,528547.1419414175,528551.5611456855,0.0026496583143507976,0.0
631,55,8,528950.7179063484,529547.8678812943,0.0024939969604863225,0.0
632,55,9,529078.0084886985,531015.1021976023,0.0025186578947368424,0.0
633,55,10,529156.3717820183,529605.1388626487,0.002491736301369863,0.0
634,55,11,536132.8125,536290.6562939667,0.0024848,0.0
635,56,1,527808.7797619047,528095.2703323277,0.002489232804232804,0.0
636,56,2,527813.5236439866,528160.6344761936,0.002490169340463458,0.0
637,56,3,527819.2628494138,528205.376190464,0.0029243873873873874,0.0
638,56,4,527819.2628494138,527821.0058054586,0.0024848198198198198,0.0
639,56,5,527858.60827956,528363.7548191715,0.0025440878048780488,0.0
640,56,6,527884.6153846154,528395.9962253132,0.002556393442622951,0.0
641,56,7,527970.9469668929,527973.0746985291,0.002484934601664685,0.0
642,56,8,527999.4898555654,528709.9089018353,0.002610546583850932,0.0
643,56,9,528053.1523035622,528054.0198631431,0.0025364381720430107,0.0
644,56,10,528130.8302238806,528130.8302238806,0.002886393442622951,0.0
645,56,11,528375.9862975412,528375.9862975412,0.0024848046875000003,0.0
646,56,12,528425.7966517191,528429.0848991915,0.0029377823408624232,0.0
647,56,13,528894.7610294117,530613.1270125996,0.0025661818181818186,0.0
648,56,14,529512.8248922467,530064.0261760013,0.0025443333333333338,0.0
649,56,15,542410.7142857142,542410.7142857142,0.0029130277777777783,0.0
650,57,1,527794.581287264,528624.4730835414,0.0025547651579846285,0.0
651,57,2,527819.2628494138,528111.6594041034,0.0024893243243243246,0.0
652,57,3,527905.6753556044,527906.3623669166,0.0024848029818956337,0.0
653,57,4,527979.714835588,528528.1030704181,0.0024932689987937273,0.0
654,57,5,528285.435267857,528633.4387610427,0.0024901960784313726,0.0
655,57,6,528425.7966517191,528431.7394613303,0.0024848459958932236,0.0
656,57,7,528515.625,528515.625,0.002484789356984479,0.0
657,57,8,528547.1419414175,528548.6150012959,0.002535990888382688,0.0
658,57,9,529233.407858871,531099.344029084,0.002514414285714286,0.0
659,57,10,534662.5298814912,536645.9627329193,0.002626527777777778,0.0
660,58,1,527819.2628494138,528148.8861755002,0.0026579099099099104,0.0
661,58,2,527834.9764846951,528681.7514601774,0.0025546132339235787,0.0
662,58,3,527898.4005062517,528377.5006912872,0.0025434174553102,0.0
663,58,4,527936.2710674157,528519.5459306688,0.002494112359550562,0.0
664,58,5,527944.6132517861,528065.1561031638,0.0027856492027334852,0.0
665,58,6,527961.6702300301,528644.814615798,0.002548056206088993,0.0
666,58,7,527979.714835588,527981.1056218735,0.00253599517490953,0.0
667,58,8,528042.2185430464,528042.2185430464,0.002484801587301587,0.0
668,58,9,528161.3372093022,528161.3372093022,0.0024847987616099074,0.0
669,58,10,528246.5150403521,528580.1832628825,0.002541179487179487,0.0
670,58,11,528305.5853800883,528306.7622142872,0.002484808743169399,0.0
671,58,12,528351.5621717758,528352.7953673902,0.002484809160305344,0.0
672,58,13,528617.2154421803,528621.5488474236,0.002484806763285024,0.0
673,58,14,529761.5714557692,531556.3845985291,0.0025635114155251144,0.0
674,58,15,529761.5714557692,529761.5714557692,0.0029184018264840185,0.0
675,59,1,527864.4586269995,528506.8048345877,0.0025478260869565223,0.0
676,59,2,528077.0112308045,528620.6861340204,0.002555006954102921,0.0
677,59,3,528144.7923507608,528147.7779243534,0.0026932066869300914,0.0
678,59,4,528285.435267857,528633.4387610427,0.0025413903743315507,0.0
679,59,5,528351.5621717758,528602.0189660446,0.0025398664122137406,0.0
680,59,6,528484.3488668881,529446.7988236633,0.0026964578833693306,0.0
681,59,7,529012.9680492299,529012.9680492299,0.002536,0.0
682,59,8,529411.7647058823,530941.8418197355,0.0025083359375000004,0.0
683,59,9,529512.8248922467,529523.9248206773,0.002566399176954733,0.0
684,59,10,529761.5714557692,529764.5378951199,0.002536,0.0
685,60,1,527799.0305637433,528526.494674865,0.0025515012942191545,0.0
686,60,2,527804.1352241386,528199.1018449189,0.0024909241499564082,0.0
687,60,3,527877.6477921614,528271.6214409838,0.002490900809716599,0.0
688,60,4,528009.0997785166,528009.913595127,0.002536002522068096,0.0
689,60,5,528285.435267857,528633.4387610427,0.0024901960784313726,0.0
690,60,6,528741.512568037,530278.2324058919,0.002644396825396826,0.0
691,60,7,531306.7900214769,531350.5715236933,0.0025361879699248124,0.0
692,60,8,550260.057318756,550260.057318756,0.002968,0.0
693,61,1,527785.1496684487,528544.4622261792,0.00255271129707113,0.0
694,61,2,527871.4926177416,527868.9125533826,0.0024887900000000003,0.0
695,61,3,527905.6753556044,528927.1715915225,0.002708903088391906,0.0
696,61,4,528042.2185430464,528042.2185430464,0.002484801587301587,0.0
697,61,5,528327.8409259128,528935.2856522831,0.002494179104477612,0.0
698,61,6,528453.947368421,528458.7392705105,0.0025360631578947366,0.0
699,61,7,536132.8125,545328.3120489785,0.0026742000000000003,0.0
700,61,8,536132.8125,546385.8850313033,0.00281205,0.0
701,62,1,527858.60827956,528238.3228075366,0.0024906829268292684,0.0
702,62,2,527864.4586269995,528185.6304570809,0.0024897628458498025,0.0
703,62,3,527891.0874773415,527891.0874773415,0.002630404564315353,0.0
704,62,4,527920.5715132841,528275.4602096102,0.0024902950819672134,0.0
705,62,5,527970.9469668929,527973.8419618529,0.002488026159334126,0.0
706,62,6,528285.435267857,529285.7376852266,0.0029037789661319076,0.0
707,62,7,528400.292577199,528400.292577199,0.003032,0.0
708,62,8,528617.2154421803,528609.0495570984,0.0026036956521739135,0.0
709,62,9,528659.1435590367,530443.441235942,0.0025707462686567163,0.0
710,62,10,528894.7610294117,528894.7610294117,0.0026303988269794723,0.0
711,62,11,529904.2991318775,529904.2991318775,0.00248480193236715,0.0
712,62,12,530700.1516152859,530704.2779168675,0.0024847974683544307,0.0
713,62,13,536132.8125,544194.8351879067,0.0026018833333333337,0.0
714,63,1,527780.4410063849,528531.8327259786,0.0025525331125827817,0.0
715,63,2,527808.7797619047,527810.7824719863,0.0024848236331569667,0.0
716,63,3,528009.0997785166,528496.2103272247,0.002567528373266078,0.0
717,63,4,528193.1424370434,529177.1781707325,0.002502733118971061,0.0
718,63,5,529233.407858871,530416.9754480436,0.002554214285714286,0.0
719,63,6,529317.3682261448,530044.3626474749,0.002597679104477612,0.0
720,63,7,529761.5714557692,529770.4708734874,0.0025361141552511417,0.0
721,63,8,531703.0356224085,531738.28125,0.002484801652892562,0.0
722,64,1,527780.4410063849,528468.6756920672,0.002685397350993378,0.0
723,64,2,527780.4410063849,528199.9989068708,0.0030601490066225166,0.0
724,64,3,527808.7797619047,528074.7769613623,0.0026633509700176366,0.0
725,64,4,527808.7797619047,527935.976253399,0.0031461022927689597,0.0
726,64,5,527819.2628494138,528169.8285408647,0.002490225225225225,0.0
727,64,6,527840.8966705055,528268.3109548781,0.0024914231856738925,0.0
728,64,7,527846.6946682787,528396.3112254833,0.00258882745471878,0.0
729,64,8,527920.5715132841,527921.2765843781,0.0024847978142076505,0.0
730,64,9,528305.5853800883,528305.5853800883,0.0024899089253187616,0.0
731,64,10,528305.5853800883,528307.1079640172,0.00297470802919708,0.0
732,64,11,528547.1419414175,528547.1419414175,0.0032287927107061505,0.0
733,64,12,529012.9680492299,530246.0650881846,0.002503807570977918,0.0
734,64,13,529233.407858871,529332.9949149723,0.00253755,0.0
735,64,14,529233.407858871,529133.8582677165,0.0029168500000000003,0.0
736,65,1,527780.4410063849,528049.0650446567,0.0024889569536423843,0.0
737,65,2,527858.60827956,528554.8536805465,0.002549629268292683,0.0
738,65,3,527858.60827956,528239.5831345079,0.00254190243902439,0.0
739,65,4,527898.4005062517,527887.3174285615,0.0026074973711882232,0.0
740,65,5,527979.714835588,528684.1503111183,0.002548419782870929,0.0
741,65,6,528144.7923507608,528839.51710576,0.002546717325227964,0.0
742,65,7,528327.8409259128,528573.0591001438,0.0028309701492537313,0.0
743,65,8,528617.2154421803,528619.986403807,0.0026495893719806767,0.0
744,65,9,528950.7179063484,528952.6864832878,0.0024847993920972646,0.0
745,66,1,527877.6477921614,528402.422537722,0.002493188259109312,0.0
746,66,2,527913.3748759193,528262.9600950826,0.002687022653721683,0.0
747,66,3,528077.0112308045,528078.7507331877,0.0024847983310152992,0.0
748,66,4,528246.5150403521,529245.4608280455,0.0025023931623931626,0.0
749,66,5,528788.5273972602,529863.6360581479,0.002501306849315069,0.0
750,66,6,528836.9101383922,530323.1056535664,0.0025588073654390937,0.0
751,66,7,529411.7647058823,529411.7647058823,0.00248480078125,0.0
752,66,8,529636.5489130435,531074.0476621289,0.002506887445887446,0.0
753,66,9,530239.1092927328,530265.1190709029,0.002536137362637363,0.0
754,66,10,530463.360901441,530463.360901441,0.0025984000000000003,0.0
755,66,11,531306.7900214769,531340.7438918379,0.002536,0.0
756,67,1,527808.7797619047,528092.9932125614,0.002506181657848325,0.0
757,67,2,527891.0874773415,528093.919884553,0.0024879356846473034,0.0
758,67,3,527891.0874773415,528294.8976705185,0.002491047717842324,0.0
759,67,4,527999.4898555654,528565.2620635567,0.0025451180124223607,0.0
760,67,5,528009.0997785166,528155.6271940576,0.002631614123581337,0.0
761,67,6,528019.8317307691,528020.534131883,0.002487294871794872,0.0
762,67,7,528042.2185430464,528813.4275915893,0.0024984126984126985,0.0
763,67,8,528144.7923507608,528146.7966273638,0.0024858510638297872,0.0
764,67,9,528209.4557349972,528211.7279997108,0.0028864039408866998,0.0
765,67,10,528305.5853800883,530088.648154824,0.002638467153284672,0.0
766,67,11,528400.292577199,528401.5852047555,0.0024848,0.0
767,67,12,528515.625,528515.625,0.0029376053215077603,0.0
768,67,13,528836.9101383922,528842.6192441339,0.0024852719546742215,0.0
769,67,14,532838.2691402922,536261.3736706722,0.00258780412371134,0.0
770,67,15,536132.8125,536290.6562939667,0.0024848,0.0
771,68,1,527819.2628494138,528572.5355906278,0.002572720720720721,0.0
772,68,2,527891.0874773415,527891.7566349638,0.002535995850622407,0.0
773,68,3,527944.6132517861,528151.9222119953,0.0025942027334851935,0.0
774,68,4,527953.3959537571,528309.7736291358,0.002586997690531178,0.0
775,68,5,528009.0997785166,528586.7260815493,0.002493720050441362,0.0
776,68,6,528103.4255309793,528054.1983685616,0.002937482014388489,0.0
777,68,7,528453.947368421,529257.4662185689,0.0026167789473684213,0.0
778,68,8,528547.1419414175,529824.4143653355,0.0031736218678815493,0.0
779,68,9,528547.1419414175,528483.8081331352,0.00310369020501139,0.0
780,68,10,528659.1435590367,528643.0508753185,0.0029623134328358213,0.0
781,68,11,529636.5489130435,532411.4088159031,0.0025366363636363637,0.0
782,68,12,530061.3496932515,530752.8624987334,0.002664376288659794,0.0
783,68,13,530239.1092927328,530257.9666160849,0.002536,0.0
784,68,14,531306.7900214769,531330.9166235111,0.0028002255639097747,0.0
785,68,15,536132.8125,536290.6562939667,0.0024848,0.0
786,68,16,542410.7142857142,554161.9156214367,0.0027531722222222223,0.0
787,69,1,527808.7797619047,528095.2703323277,0.0024892592592592596,0.0
788,69,2,527808.7797619047,528552.6290661867,0.0025518430335097,0.0
789,69,3,527944.6132517861,528314.5015711706,0.002541719817767654,0.0
790,69,4,528193.1424370434,528195.2189903699,0.002485048231511254,0.0
791,69,5,528209.4557349972,528209.4557349972,0.002536,0.0
792,69,6,528400.292577199,529962.5100594736,0.0025679400000000003,0.0
793,69,7,529078.0084886985,530751.1376587267,0.0025715,0.0
794,69,8,529233.407858871,531330.3024313104,0.002572757142857143,0.0
795,69,9,530463.360901441,531242.3142026302,0.0024967117647058824,0.0
796,69,10,575296.8593940738,580078.125,0.0025344,0.0
797,70,1,527834.9764846951,528727.5821517255,0.0025769151910531225,0.0
798,70,2,527871.4926177416,528714.587137549,0.00255396,0.0
799,70,3,527891.0874773415,528227.8880803463,0.0024906120331950206,0.0
800,70,4,527891.0874773415,527891.7566349638,0.0024848029045643157,0.0
801,70,5,527961.6702300301,528862.3084112685,0.00259307962529274,0.0
802,70,6,528065.3268429533,528687.7434671392,0.002545628415300547,0.0
803,70,7,528327.8409259128,528329.4392523365,0.0025360074626865673,0.0
804,70,8,528617.2154421803,528951.43115717,0.0025410869565217395,0.0
805,70,9,528836.9101383922,528840.7852711376,0.002681600566572238,0.0
806,70,10,529317.3682261448,529319.7882281941,0.002536,0.0
807,70,11,529512.8248922467,529523.9248206773,0.002484798353909465,0.0
808,70,12,529904.2991318775,529904.2991318775,0.00248480193236715,0.0
809,70,13,532224.1562492935,532230.171916856,0.002484798165137615,0.0
810,70,14,534662.5298814912,534772.9656310712,0.0024848055555555556,0.0
811,70,15,575296.8593940738,580078.125,0.002536,0.0
812,71,1,527813.5236439866,528160.6344761936,0.002490329768270945,0.0
813,71,2,527905.6753556044,528391.1507560204,0.0025435037273695425,0.0
814,71,3,527961.6702300301,528341.9856073896,0.0024907025761124126,0.0
815,71,4,528019.8317307691,528020.534131883,0.002536,0.0
816,71,5,528077.0112308045,528479.4781357031,0.0026100973574408903,0.0
817,71,6,528176.4290700678,528177.4476283041,0.0024847949526813884,0.0
818,71,7,528484.3488668881,528875.6210486236,0.0025754211663066955,0.0
819,71,8,528581.9490571065,528584.5588235294,0.002484788732394366,0.0
820,71,9,528617.2154421803,528621.5488474236,0.002803188405797102,0.0
821,71,10,528699.0576428834,530199.8004827437,0.0025623897435897436,0.0
822,71,11,529233.407858871,529701.5611657288,0.002944832142857143,0.0
823,71,12,530463.360901441,533558.0709376498,0.0025335764705882355,0.0
824,71,13,532224.1562492935,532230.171916856,0.002536,0.0
825,71,14,534662.5298814912,534772.9656310712,0.002835194444444445,0.0
826,72,1,527785.1496684487,528111.3625066507,0.002550016736401674,0.0
827,72,2,527824.1120420002,528356.7825146448,0.0025454007285974503,0.0
828,72,3,527846.6946682787,528156.1364025738,0.0024895900857959965,0.0
829,72,4,527858.60827956,528681.0672957987,0.0025535317073170733,0.0
830,72,5,527898.4005062517,528103.7820494692,0.002539179810725552,0.0
831,72,6,527979.714835588,527981.1056218735,0.00253599517490953,0.0
832,72,7,528042.2185430464,528042.2185430464,0.002536005291005291,0.0
833,72,8,528130.8302238806,528770.521707406,0.0029283010432190762,0.0
834,72,9,528130.8302238806,528130.8302238806,0.002484798807749628,0.0
835,72,10,529156.3717820183,529156.3717820183,0.002484801369863014,0.0
836,72,11,533620.1008530365,533596.8379446641,0.002584964705882353,0.0
837,72,12,536132.8125,536290.6562939667,0.0024848,0.0
838,72,13,542410.7142857142,572459.2336290352,0.003146027777777778,0.0
839,73,1,527789.4092520403,528118.5600622016,0.00248989010989011,0.0
840,73,2,527794.581287264,527795.682623971,0.002484824935952178,0.0
841,73,3,527804.1352241386,528311.736166554,0.0024937750653879686,0.0
842,73,4,527813.5236439866,527930.8744105619,0.0026322014260249556,0.0
843,73,5,527905.6753556044,527901.5533252821,0.0025146432374866883,0.0
844,73,6,527970.9469668929,527971.5401785714,0.0025360047562425683,0.0
845,73,7,528089.092243277,528528.6116744769,0.002625940594059406,0.0
846,73,8,528176.4290700678,528485.2320593689,0.0024895741324921137,0.0
847,73,9,528305.5853800883,528306.7622142872,0.002484808743169399,0.0
848,73,10,528484.3488668881,528485.7452374032,0.0024851403887688984,0.0
849,73,11,528484.3488668881,528485.7452374032,0.002803196544276458,0.0
850,73,12,528581.9490571065,528584.5588235294,0.0026496009389671365,0.0
851,73,13,528617.2154421803,529877.6097912167,0.0025048309178743963,0.0
852,73,14,528950.7179063484,528952.6864832878,0.0024847993920972646,0.0
853,73,15,533620.1008530365,539127.8813683747,0.00256744705882353,0.0
854,74,1,527898.4005062517,528239.5871103122,0.0024900841219768666,0.0
855,74,2,527970.9469668929,528433.8337750136,0.002491961950059453,0.0
856,74,3,528009.0997785166,528013.9827158096,0.002536065573770492,0.0
857,74,4,528053.1523035622,528663.7509190525,0.0025454435483870967,0.0
858,74,5,528453.947368421,529549.7536767836,0.0025534526315789475,0.0
859,74,6,528659.1435590367,528984.4256877156,0.0024898258706467667,0.0
860,74,7,529078.0084886985,529085.4373391025,0.0024847993421052636,0.0
861,74,8,531306.7900214769,531340.7438918379,0.0028032030075187974,0.0
862,75,1,527785.1496684487,528056.9643598374,0.0024890041841004185,0.0
863,75,2,528030.0597953416,528538.0198940935,0.0024926432291666667,0.0
864,75,3,528484.3488668881,529752.4929482341,0.0025582937365010803,0.0
865,75,4,528617.2154421803,528621.5488474236,0.002835193236714976,0.0
866,75,5,528741.512568037,530641.8226189585,0.002572936507936508,0.0
867,75,6,528950.7179063484,528952.6864832878,0.0024847993920972646,0.0
868,75,7,536132.8125,536290.6562939667,0.0024848,0.0
869,75,8,550260.057318756,550289.2627779841,0.0028864000000000003,0.0
870,76,1,527794.581287264,528514.0161128908,0.0025513492741246796,0.0
871,76,2,527799.0305637433,528304.1484107022,0.002493865401207938,0.0
872,76,3,527884.6153846154,528335.0813682037,0.0025626536885245904,0.0
873,76,4,527898.4005062517,528445.4648941712,0.0025445005257623554,0.0
874,76,5,527927.9596275099,527928.6740883291,0.002484795127353267,0.0
875,76,6,527970.9469668929,527971.5401785714,0.0026819857312722953,0.0
876,76,7,528009.0997785166,527992.8239731084,0.0026136696090794456,0.0
877,76,8,528176.4290700678,529097.7898236456,0.0025522397476340697,0.0
878,76,9,528400.292577199,529199.0474417146,0.00254834,0.0
879,76,10,528400.292577199,529175.7108348727,0.0025712200000000004,0.0
880,76,11,528425.7966517191,528429.0848991915,0.003083860369609856,0.0
881,76,12,528950.7179063484,528986.1545332738,0.0025365288753799392,0.0
882,76,13,529512.8248922467,529523.9248206773,0.002484798353909465,0.0
883,77,1,527804.1352241386,528302.7236531002,0.0025628247602441155,0.0
884,77,2,527813.5236439866,527814.1151378822,0.002484964349376114,0.0
885,77,3,527864.4586269995,528234.1327617435,0.0024933794466403167,0.0
886,77,4,527884.6153846154,528350.9708464127,0.0025432274590163934,0.0
887,77,5,528077.0112308045,528078.7507331877,0.0024847983310152992,0.0
888,77,6,528327.8409259128,529907.2927703923,0.002569514925373134,0.0
889,77,7,528400.292577199,528401.5852047555,0.0024848,0.0
890,77,8,529156.3717820183,531166.178916563,0.0025200479452054795,0.0
891,77,9,530061.3496932515,531070.5257119081,0.0025515128205128206,0.0
892,77,10,575296.8593940738,580078.125,0.0024848,0.0
893,78,1,527808.7797619047,528609.6621077508,0.0025536067019400355,0.0
894,78,2,527834.9764846951,528017.4966965872,0.0026844175209692453,0.0
895,78,3,527871.4926177416,527871.4926177416,0.002536,0.0
896,78,4,527927.9596275099,528404.5373490545,0.002926818181818182,0.0
897,78,5,527927.9596275099,528359.1307786909,0.0024914728682170545,0.0
898,78,6,527961.6702300301,527952.6037865452,0.0026190281030444964,0.0
899,78,7,528065.3268429533,528067.090491005,0.002484931693989071,0.0
900,78,8,528246.5150403521,528780.365325466,0.002663247863247863,0.0
901,78,9,528285.435267857,528979.5918367347,0.0024955436720142605,0.0
902,78,10,528894.7610294117,528894.7610294117,0.002536,0.0
903,78,11,538555.4372386567,538597.4025974026,0.0025365208333333338,0.0
904,78,12,542410.7142857142,564357.5135174365,0.0029295833333333335,0.0
905,78,13,550260.057318756,575041.5973377703,0.0028887333333333337,0.0
906,79,1,527799.0305637433,528603.4978617281,0.0026577480586712685,0.0
907,79,2,527846.6946682787,527848.5391703619,0.0024848236415633937,0.0
908,79,3,527858.60827956,527860.4960553513,0.002484829268292683,0.0
909,79,4,527961.6702300301,527962.4257810431,0.00248480093676815,0.0
910,79,5,527970.9469668929,527971.5401785714,0.0025360047562425683,0.0
911,79,6,528351.5621717758,530091.1398570612,0.0025741030534351147,0.0
912,79,7,528741.512568037,529604.0682891391,0.00255,0.0
913,79,8,528741.512568037,530565.9617190368,0.0030061375661375664,0.0
914,79,9,528788.5273972602,530056.0041414828,0.0025042575342465755,0.0
915,79,10,528894.7610294117,528894.7610294117,0.002905601173020528,0.0
916,79,11,529233.407858871,529233.407858871,0.0030547535714285715,0.0
917,79,12,530700.1516152859,530704.2779168675,0.002857601265822785,0.0
918,79,13,530980.6034482758,530980.6034482758,0.002484801369863014,0.0
919,80,1,528009.0997785166,529074.0863720673,0.0025586633039092056,0.0
920,80,2,528019.8317307691,528519.9371347368,0.002492525641025641,0.0
921,80,3,528161.3372093022,528967.2257614499,0.0025493653250774,0.0
922,80,4,528285.435267857,529326.1985366386,0.002554349376114082,0.0
923,80,5,528327.8409259128,530149.9426467658,0.002576977611940299,0.0
924,80,6,528351.5621717758,528352.7953673902,0.002535992366412214,0.0
925,80,7,528484.3488668881,528488.5380005707,0.002536047516198704,0.0
926,80,8,528950.7179063484,528952.6864832878,0.0024847993920972646,0.0
927,80,9,536132.8125,536279.5605486934,0.002536,0.0
928,81,1,527840.8966705055,528599.7329046276,0.002655032987747408,0.0
929,81,2,527961.6702300301,527963.9368895567,0.002484824355971897,0.0
930,81,3,528077.0112308045,528529.8366636435,0.002491794158553547,0.0
931,81,4,528130.8302238806,528130.8302238806,0.002487183308494784,0.0
932,81,5,528161.3372093022,528964.2178846132,0.0024976315789473685,0.0
933,81,6,528161.3372093022,528993.2954603613,0.0027816718266253874,0.0
934,81,7,528226.4248164346,528228.7713290307,0.002484807370184255,0.0
935,81,8,528265.003211811,528832.6781746709,0.0025447643979057593,0.0
936,81,9,528305.5853800883,528306.7622142872,0.002484808743169399,0.0
937,81,10,528327.8409259128,528280.019073128,0.0027776679104477616,0.0
938,81,11,528375.9862975412,528375.9862975412,0.00253599609375,0.0
939,81,12,528400.292577199,528400.292577199,0.0029376000000000003,0.0
940,81,13,528484.3488668881,528439.6689061909,0.0026143628509719226,0.0
941,81,14,528950.7179063484,528952.6864832878,0.0024847993920972646,0.0
942,81,15,530239.1092927328,530694.6197512031,0.0034723186813186814,0.0
943,81,16,530239.1092927328,530984.9262520935,0.0026095274725274724,0.0
944,82,1,527785.1496684487,528327.5532582399,0.0025541673640167364,0.0
945,82,2,527789.4092520403,528118.5600622016,0.00248989010989011,0.0
946,82,3,527840.8966705055,528024.8833592535,0.0024876531573986807,0.0
947,82,4,528130.8302238806,528130.8302238806,0.002484798807749628,0.0
948,82,5,528176.4290700678,529100.8561802615,0.0025522712933753943,0.0
949,82,6,528209.4557349972,528209.4557349972,0.002630393442622951,0.0
950,82,7,528375.9862975412,528375.9862975412,0.0024848046875000003,0.0
951,82,8,530239.1092927328,530250.8143542154,0.002486417582417583,0.0
952,82,9,550260.057318756,550347.682998036,0.0025370583333333336,0.0
953,83,1,527840.8966705055,528136.2236379537,0.00261808671065033,0.0
954,83,2,527927.9596275099,528430.7032088169,0.0024925802879291253,0.0
955,83,3,528030.0597953416,528031.6268943192,0.0024848046875000003,0.0
956,83,4,528351.5621717758,529096.2254492928,0.0024962977099236643,0.0
957,83,5,528484.3488668881,529608.0155056822,0.0025026997840172788,0.0
958,83,6,528741.512568037,528743.22460319,0.002536,0.0
959,83,7,529512.8248922467,529523.9248206773,0.002484798353909465,0.0
960,83,8,531306.7900214769,531340.7438918379,0.0025663984962406017,0.0
961,84,1,527780.4410063849,528567.1644300519,0.0026117632450331123,0.0
962,84,2,527789.4092520403,527791.3670023197,0.0025360185967878276,0.0
963,84,3,527799.0305637433,527789.3497631162,0.0026687057808455566,0.0
964,84,4,527905.6753556044,527906.3623669166,0.002535995740149095,0.0
965,84,5,527953.3959537571,527954.8860720908,0.002536027713625866,0.0
966,84,6,528053.1523035622,528927.3606951255,0.0025520833333333337,0.0
967,84,7,528425.7966517191,528830.2260518966,0.002491006160164271,0.0
968,84,8,529317.3682261448,529319.7882281941,0.0024847985074626868,0.0
969,84,9,529411.7647058823,531296.3897095914,0.0025649453125,0.0
970,84,10,529904.2991318775,529904.2991318775,0.002630400966183575,0.0
971,84,11,530980.6034482758,534590.0222067772,0.0025415958904109587,0.0
972,84,12,536132.8125,536290.6562939667,0.0025344,0.0
973,84,13,536132.8125,536290.6562939667,0.0024848,0.0
974,84,14,550260.057318756,556253.0178657654,0.0027179916666666666,0.0
975,85,1,527789.4092520403,528493.593260263,0.002622958579881657,0.0
976,85,2,527858.60827956,528048.7121359379,0.0024881463414634145,0.0
977,85,3,527864.4586269995,528251.3659881634,0.0025419762845849806,0.0
978,85,4,527905.6753556044,528526.7756515575,0.0024957614483493078,0.0
979,85,5,528077.0112308045,528529.8366636435,0.002542990264255911,0.0
980,85,6,528226.4248164346,529197.7617682605,0.002666716917922948,0.0
981,85,7,528265.003211811,529058.7330084638,0.0025482547993019196,0.0
982,85,8,528327.8409259128,528329.4392523365,0.0024847947761194034,0.0
983,85,9,528351.5621717758,528352.7953673902,0.002484809160305344,0.0
984,85,10,528836.9101383922,528842.6192441339,0.002536,0.0
985,85,11,529411.7647058823,529411.7647058823,0.0025167929687500003,0.0
986,85,12,529761.5714557692,529761.5714557692,0.0029375981735159816,0.0
987,85,13,530463.360901441,530463.360901441,0.0026176000000000003,0.0
988,85,14,531306.7900214769,531340.7438918379,0.002484796992481203,0.0
989,85,15,533620.1008530365,533620.1008530365,0.002536,0.0
990,86,1,527780.4410063849,528467.0702015138,0.0026484602649006627,0.0
991,86,2,527789.4092520403,527791.3124948491,0.0024848182586644126,0.0
992,86,3,527799.0305637433,528470.7092812636,0.0025497756686798964,0.0
993,86,4,527898.4005062517,527898.8486842104,0.0025360042060988434,0.0
994,86,5,527898.4005062517,528785.5483405947,0.0025548895899053627,0.0
995,86,6,528130.8302238806,528132.7546815047,0.002485350223546945,0.0
996,86,7,528193.1424370434,529131.3277710059,0.0025013504823151126,0.0
997,86,8,528246.5150403521,528246.5150403521,0.0024942905982905986,0.0
998,86,9,528285.435267857,528285.435267857,0.002536007130124777,0.0
999,86,10,528453.947368421,529189.221251125,0.002547326315789474,0.0
1000,86,11,528581.9490571065,528891.41792975,0.0025407511737089205,0.0
1001,86,12,528617.2154421803,528621.5488474236,0.002566400966183575,0.0
1002,86,13,529411.7647058823,529411.7647058823,0.002536,0.0
1003,86,14,530463.360901441,532803.2386079209,0.0026985294117647064,0.0
1004,87,1,527864.4586269995,528698.5461467204,0.0025537549407114624,0.0
1005,87,2,528019.8317307691,528782.0249263226,0.0025496025641025643,0.0
1006,87,3,528116.4141436741,528592.3123226416,0.0024921522693997075,0.0
1007,87,4,528193.1424370434,528193.1424370434,0.0024848070739549844,0.0
1008,87,5,528285.435267857,528519.3076421495,0.002634010695187166,0.0
1009,87,6,529078.0084886985,529085.4373391025,0.002854401315789474,0.0
1010,87,7,530061.3496932515,530061.3496932515,0.002536,0.0
1011,87,8,530463.360901441,531626.8766920994,0.002502594117647059,0.0
1012,87,9,530700.1516152859,537135.8421077483,0.0026794303797468355,0.0
1013,88,1,527819.2628494138,528556.2220928167,0.0025902072072072073,0.0
1014,88,2,527913.3748759193,528543.9384220655,0.0025471305285868395,0.0
1015,88,3,527979.714835588,527981.1056218735,0.002484800965018094,0.0
1016,88,4,528053.1523035622,528054.0198631431,0.0024847983870967746,0.0
1017,88,5,528161.3372093022,529064.4988833743,0.0025007275541795667,0.0
1018,88,6,528547.1419414175,530477.9806659506,0.0025769248291571756,0.0
1019,88,7,530463.360901441,530463.360901441,0.002536,0.0
1020,88,8,532224.1562492935,537117.3062006661,0.0026098623853211007,0.0
1021,88,9,532224.1562492935,532224.1562492935,0.0026815963302752295,0.0
1022,89,1,527846.6946682787,528748.3460862625,0.0028321639656816015,0.0
1023,89,2,527898.4005062517,528377.5006912872,0.0025434174553102,0.0
1024,89,3,527961.6702300301,527962.4257810431,0.0025359953161592508,0.0
1025,89,4,528009.0997785166,528744.9992591494,0.0024979697351828504,0.0
1026,89,5,528103.4255309793,528104.3544335859,0.0024848057553956836,0.0
1027,89,6,528116.4141436741,528119.2499624122,0.0025360322108345535,0.0
1028,89,7,528144.7923507608,528639.8666944386,0.0025436322188449848,0.0
1029,89,8,529636.5489130435,530204.979438299,0.0025447662337662338,0.0
1030,89,9,530239.1092927328,532030.50459802,0.002615335164835165,0.0
1031,89,10,530239.1092927328,530114.9580285203,0.0029674120879120878,0.0
1032,90,1,527780.4410063849,528049.0650446567,0.0024889569536423843,0.0
1033,90,2,527824.1120420002,528710.1365758724,0.0025560109289617487,0.0
1034,90,3,527871.4926177416,528196.1368321436,0.00249015,0.0
1035,90,4,527898.4005062517,527898.8486842104,0.0024847949526813884,0.0
1036,90,5,527927.9596275099,527928.6740883291,0.002484795127353267,0.0
1037,90,6,527970.9469668929,528468.42312733,0.002972342449464923,0.0
1038,90,7,528009.0997785166,528677.2728465232,0.0026092812105926863,0.0
1039,90,8,528226.4248164346,529163.0162029294,0.002902546063651591,0.0
1040,90,9,528305.5853800883,528546.5505693235,0.0029412956204379567,0.0
1041,90,10,528453.947368421,528456.0173679697,0.002536,0.0
1042,90,11,530463.360901441,530467.1925110513,0.0024848,0.0
1043,90,12,533620.1008530365,533519.3095632463,0.0026364352941176472,0.0
1044,90,13,534662.5298814912,534772.9656310712,0.0031968055555555556,0.0
1045,91,1,527804.1352241386,528538.6711717069,0.0025549433304272017,0.0
1046,91,2,527877.6477921614,528265.083086002,0.0026310425101214573,0.0
1047,91,3,528103.4255309793,528106.2122486025,0.002484834532374101,0.0
1048,91,4,528144.7923507608,529033.410755762,0.002500440729483283,0.0
1049,91,5,528226.4248164346,529101.1369651114,0.0025494807370184257,0.0
1050,91,6,528400.292577199,528400.292577199,0.002536,0.0
1051,91,7,528547.1419414175,529562.5513093303,0.0026972665148063783,0.0
1052,91,8,532838.2691402922,532838.2691402922,0.0024848041237113404,0.0
1053,92,1,527785.1496684487,528328.093956925,0.002546016736401674,0.0
1054,92,2,527785.1496684487,528056.6402733816,0.002922602510460251,0.0
1055,92,3,527840.8966705055,528550.9683043775,0.0025729406220546657,0.0
1056,92,4,528144.7923507608,528948.7493440615,0.002497826747720365,0.0
1057,92,5,528209.4557349972,529807.7155058023,0.002572016393442623,0.0
1058,92,6,528305.5853800883,528256.4164357152,0.0028321715328467156,0.0
1059,92,7,528894.7610294117,528862.4818251989,0.002509800586510264,0.0
1060,92,8,528950.7179063484,528952.6864832878,0.0024847993920972646,0.0
1061,92,9,529233.407858871,529233.407858871,0.002542257142857143,0.0
1062,92,10,529411.7647058823,529933.8544798556,0.0029455411764705884,0.0
1063,92,11,531703.0356224085,531738.28125,0.002536,0.0
1064,92,12,533620.1008530365,533620.1008530365,0.002536,0.0
1065,92,13,536132.8125,536279.5605486934,0.0026304,0.0
1066,92,14,538555.4372386567,538569.4249649368,0.002484791666666667,0.0
1067,93,1,527789.4092520403,528338.4253993972,0.0025461200338123416,0.0
1068,93,2,527804.1352241386,528177.7067529879,0.0028729904097646035,0.0
1069,93,3,527804.1352241386,528142.8026921315,0.002490052310374891,0.0
1070,93,4,528009.0997785166,528009.913595127,0.0032688020176544767,0.0
1071,93,5,528176.4290700678,529079.392430298,0.002583312302839117,0.0
1072,93,6,528265.003211811,529628.1160604822,0.0025641361256544502,0.0
1073,93,7,528351.5621717758,528352.7953673902,0.002484809160305344,0.0
1074,93,8,528547.1419414175,528548.6150012959,0.002535990888382688,0.0
1075,93,9,528894.7610294117,530422.0706739736,0.002560316715542522,0.0
1076,93,10,529761.5714557692,529708.1812277441,0.0027395890410958908,0.0
1077,93,11,530463.360901441,530463.360901441,0.002536,0.0
1078,93,12,530463.360901441,530471.0241760147,0.00293774705882353,0.0
1079,93,13,531703.0356224085,532833.1736356037,0.002501537190082645,0.0
1080,93,14,532224.1562492935,532230.171916856,0.0030832018348623856,0.0
1081,93,15,532838.2691402922,532838.2691402922,0.0026880000000000003,0.0
1082,94,1,527953.3959537571,528402.3016754095,0.00249175519630485,0.0
1083,94,2,528009.0997785166,528418.7665046027,0.0024911349306431275,0.0
1084,94,3,528053.1523035622,529014.4183290539,0.002554771505376344,0.0
1085,94,4,528375.9862975412,529472.5956566702,0.00290513671875,0.0
1086,94,5,528617.2154421803,528624.673762366,0.0025360628019323673,0.0
1087,94,6,528659.1435590367,529796.152461607,0.002553532338308458,0.0
1088,94,7,528741.512568037,531322.0905905205,0.002656164021164021,0.0
1089,94,8,529233.407858871,529235.7234113303,0.0024848,0.0
1090,94,9,529411.7647058823,529414.2990497618,0.00254904296875,0.0
1091,94,10,575296.8593940738,580078.125,0.0024848,0.0
1092,95,1,527789.4092520403,528063.9906227766,0.0024890448013524936,0.0
1093,95,2,527794.581287264,527795.682623971,0.002484824935952178,0.0
1094,95,3,527804.1352241386,528188.967111628,0.0026231560592850918,0.0
1095,95,4,527808.7797619047,527809.3608027897,0.002485273368606702,0.0
1096,95,5,527834.9764846951,528197.9990428223,0.002687716682199441,0.0
1097,95,6,527961.6702300301,527962.4257810431,0.0025359953161592508,0.0
1098,95,7,528453.947368421,528420.6351863248,0.0025552,0.0
1099,95,8,528484.3488668881,530173.750546698,0.0025704751619870414,0.0
1100,95,9,528894.7610294117,529864.9727715472,0.002506316715542522,0.0
1101,95,10,529233.407858871,529240.3545770365,0.002484889285714286,0.0
1102,95,11,529411.7647058823,529383.8885245587,0.00257387109375,0.0
1103,95,12,530239.1092927328,530222.2072360656,0.0025432252747252747,0.0
1104,95,13,533620.1008530365,540651.9626608557,0.0031191529411764706,0.0
1105,95,14,536132.8125,536190.81111272,0.0028427500000000002,0.0
1106,95,15,575296.8593940738,594817.874577544,0.0032033272727272732,0.0
1107,96,1,527794.581287264,528111.956327244,0.0026066524338172505,0.0
1108,96,2,527846.6946682787,528156.1364025738,0.0024895900857959965,0.0
1109,96,3,527970.9469668929,527973.0746985291,0.002485326991676576,0.0
1110,96,4,528030.0597953416,528277.9726543032,0.002509661458333334,0.0
1111,96,5,528077.0112308045,528889.8197291595,0.002499499304589708,0.0
1112,96,6,528116.4141436741,528072.9354029864,0.0025545241581259154,0.0
1113,96,7,528226.4248164346,528772.4427513783,0.002544422110552764,0.0
1114,96,8,528226.4248164346,528992.6118579474,0.0025480402010050257,0.0
1115,96,9,528265.003211811,528266.1305812002,0.0025360034904013964,0.0
1116,96,10,528351.5621717758,528352.7953673902,0.002484809160305344,0.0
1117,96,11,528375.9862975412,528375.9862975412,0.0024848046875000003,0.0
1118,96,12,528400.292577199,528401.5852047555,0.0024848,0.0
1119,96,13,530239.1092927328,535392.5353925354,0.00276110989010989,0.0
1120,96,14,530700.1516152859,531539.1084945331,0.0029504177215189877,0.0
1121,96,15,530980.6034482758,534884.7070396974,0.0029530821917808222,0.0
1122,96,16,532838.2691402922,532838.2691402922,0.00308319587628866,0.0
1123,97,1,527780.4410063849,528209.4084061913,0.0024916639072847684,0.0
1124,97,2,527789.4092520403,528118.5600622016,0.00248989010989011,0.0
1125,97,3,527864.4586269995,527868.6703549599,0.0025360474308300397,0.0
1126,97,4,527913.3748759193,528541.8456677449,0.0024959007551240563,0.0
1127,97,5,527913.3748759193,528402.3660831506,0.0024923732470334414,0.0
1128,97,6,527936.2710674157,528301.6793859565,0.002490449438202247,0.0
1129,97,7,528130.8302238806,528130.8302238806,0.002536005961251863,0.0
1130,97,8,528161.3372093022,529268.1862922665,0.002557616099071208,0.0
1131,97,9,528285.435267857,528271.6167789975,0.0025963814616755793,0.0
1132,97,10,528305.5853800883,528919.4270307157,0.0024942805100182154,0.0
1133,97,11,528453.947368421,528456.0173679697,0.0025472000000000003,0.0
1134,97,12,528484.3488668881,528485.7452374032,0.002484794816414687,0.0
1135,97,13,528547.1419414175,528548.6150012959,0.002566400911161731,0.0
1136,97,14,529156.3717820183,529827.5825860512,0.002546359589041096,0.0
1137,97,15,529317.3682261448,529319.7882281941,0.0024847985074626868,0.0
1138,98,1,527794.581287264,528348.417180431,0.002546225448334757,0.0
1139,98,2,527813.5236439866,528160.6344761936,0.002490169340463458,0.0
1140,98,3,527824.1120420002,527820.0006676533,0.0026287158469945355,0.0
1141,98,4,527999.4898555654,528162.2759456529,0.0024873167701863355,0.0
1142,98,5,528019.8317307691,528561.3894187331,0.002590628205128205,0.0
1143,98,6,528042.2185430464,528042.2185430464,0.002484801587301587,0.0
1144,98,7,528176.4290700678,529407.6714319955,0.0025611829652996848,0.0
1145,98,8,529156.3717820183,529156.3717820183,0.002484801369863014,0.0
1146,98,9,529317.3682261448,530780.6568740716,0.002558481343283582,0.0
1147,98,10,529411.7647058823,529411.7647058823,0.002536,0.0
1148,98,11,530980.6034482758,535043.5180943656,0.0026064931506849316,0.0
1149,98,12,533620.1008530365,539912.6611871609,0.0026335529411764705,0.0
1150,98,13,533620.1008530365,533620.1008530365,0.0026816,0.0
1151,98,14,534662.5298814912,534772.9656310712,0.0026655000000000003,0.0
1152,99,1,527846.6946682787,528279.2756980201,0.0024914966634890373,0.0
1153,99,2,527898.4005062517,528307.5158364174,0.002491135646687697,0.0
1154,99,3,527990.1625659905,527990.1625659905,0.0024847980416156674,0.0
1155,99,4,528305.5853800883,528898.1956607548,0.0024939526411657557,0.0
1156,99,5,528741.512568037,529260.7669769492,0.002492804232804233,0.0
1157,99,6,529233.407858871,530400.694572338,0.002502746428571429,0.0
1158,99,7,529636.5489130435,529636.5489130435,0.002536,0.0
1159,99,8,529636.5489130435,529642.170963941,0.002484909090909091,0.0
1160,99,9,529904.2991318775,529904.2991318775,0.002536,0.0
1161,100,1,527785.1496684487,528589.9220804966,0.002627481171548117,0.0
1162,100,2,527846.6946682787,527850.3836853361,0.00253604385128694,0.0
1163,100,3,527846.6946682787,528156.1364025738,0.002490324118207817,0.0
1164,100,4,527970.9469668929,528467.6544258613,0.003048692033293698,0.0
1165,100,5,528103.4255309793,528816.8550685326,0.0028984892086330936,0.0
1166,100,6,528161.3372093022,529064.4988833743,0.0025007275541795667,0.0
1167,100,7,528193.1424370434,528193.1424370434,0.0025359967845659166,0.0
1168,100,8,528305.5853800883,528306.7622142872,0.002484808743169399,0.0
1169,100,9,528425.7966517191,528429.0848991915,0.0025359958932238197,0.0
1170,100,10,529078.0084886985,529680.8072985988,0.002503029605263158,0.0
1171,100,11,529512.8248922467,529462.4979194932,0.002589555555555556,0.0
1172,100,12,530239.1092927328,530257.9666160849,0.002536,0.0
1173,100,13,536132.8125,548826.9670534428,0.002768716666666667,0.0
1174,100,14,575296.8593940738,580078.125,0.002536,0.0
